NAME_PRODUCT|REFERENCE_PRODUCT|MANUFACTURER|Category|DESCRIPTION|DESCRIPTION_SHORT|PRICE_PRODUCT|QUANTITY|IMAGE_PRODUCT|ID_MERE|CURRENCY|CONDITION|AVAILABILITY
Tastatura Apple iPad Pro 12.9' Smart Keyboard, US English|MJYR2ZX/A|APPLE|None|Tastatura Apple Smart Keyboard compatibila cu iPad Pro 12.9', MJYR2ZX/AGarantie: 12||1074.76|100|http://presta.redlinemultimedia.ro/13772-cart_default/tastatura-apple-ipad-pro-129-smart-keyboard-us-english-mjyr2zx-a.jpg|11544|RON|new|1
Tastatura Apple iPad Pro 9.7' Smart Keyboard, US English|MM2L2ZX/A|APPLE|None|Tastatura Apple Smart Keyboard compatibila cu iPad Pro 9.7', MM2L2ZX/AGarantie: 12||881.52|100|http://presta.redlinemultimedia.ro/13774-cart_default/tastatura-apple-ipad-pro-97-smart-keyboard-us-english-mm2l2zx-a.jpg|11545|RON|new|1
CABLU DATE APPLE LIGHTN BELKIN 2.1A 2M|F8J023BT2M-BLK|BELKIN|None|CABLU DATE APPLE LIGHTN BELKIN 2.1A 2M||118.01|100|http://presta.redlinemultimedia.ro/14246-cart_default/cablu-date-apple-lightn-belkin-21a-2m-f8j023bt2m-blk.jpg|11806|RON|new|1
CABLU INCARCARE APPLE LIGHT 1.2M GREEN|F8J023BT04-GRN|BELKIN|None|Cablu de incarcare Belkin, Mixit Apple Lightning, 1.2 m, 4ft, Green, F8J023bt04-GRNGarantie: 12||85.11|100|http://presta.redlinemultimedia.ro/14312-cart_default/cablu-incarcare-apple-light-12m-green-f8j023bt04-grn.jpg|11840|RON|new|1
Apple iPad Pro 9.7', Cellular, 256GB, 4G, Rose Gold|MLYM2HC/A|APPLE|None|Tableta iPad Pro, 9.7' Retina Display 2048x1536, IPS, 264ppi, Procesor A9X 64-bit M9 Motion Coprocessor, RAM 2GB, ROM 256GB, WIFI: 802.11 a/b/g/n/ac (dual band 2.4GHz si 5GHz) cu MIMO + Celular LTE 4G, Camera iSight 12MP, Dual-Led (True Tone) flash, inregistrare video 4K la 30fps Camera secundara FaceTime HD 5MP, inregistrare video 720p, Porturi: Lightining connector, Smart Connector, 3.5mm Jack, Conectivitate: Bluetooth 4.2, A-GPS, GLONASS, iBeacon, Touch ID, Suport conectare Smart Keyboard si Apple Pencil, Baterie: Li-Po 27.5-Watt, Browsing Internet pana la 9 ore pe Wi-Fi, culoare Rose Gold, Dimensiuni: 240x169.5x6.1 mm, Greutate: 444g, Accesorii: Cablu Lightining la USB, adaptor priza, iOS 9 Garantie: 12||5290.25|100|http://presta.redlinemultimedia.ro/15062-cart_default/apple-ipad-pro-97-cellular-256gb-4g-rose-gold-mlym2hc-a.jpg|12378|RON|new|1
Apple iPad Pro 9.7', Cellular, 128GB, 4G, Rose Gold|MLYL2HC/A|APPLE|None|Tableta iPad Pro, 9.7' Retina Display 2048x1536, IPS, 264ppi, Procesor A9X 64-bit M9 Motion Coprocessor, RAM 2GB, ROM 128GB, WIFI: 802.11 a/b/g/n/ac (dual band 2.4GHz si 5GHz) cu MIMO + Celular LTE 4G, Camera iSight 12MP, Dual-Led (True Tone) flash, inregistrare video 4K la 30fps Camera secundara FaceTime HD 5MP, inregistrare video 720p, Porturi: Lightining connector, Smart Connector, 3.5mm Jack, Conectivitate: Bluetooth 4.2, A-GPS, GLONASS, iBeacon, Touch ID, Suport conectare Smart Keyboard si Apple Pencil, Baterie: Li-Po 27.5-Watt, Browsing Internet pana la 9 ore pe Wi-Fi, culoare Rose Gold, Dimensiuni: 240x169.5x6.1 mm, Greutate: 444g, Accesorii: Cablu Lightining la USB, adaptor priza, iOS 9 Garantie: 12||4726.09|100|http://presta.redlinemultimedia.ro/15063-cart_default/apple-ipad-pro-97-cellular-128gb-4g-rose-gold-mlyl2hc-a.jpg|12379|RON|new|1
Apple iPad Pro 9.7', Cellular, 32GB, 4G, Rose Gold|MLYJ2HC/A|APPLE|None|Tableta iPad Pro, 9.7' Retina Display 2048x1536, IPS, 264ppi, Procesor A9X 64-bit M9 Motion Coprocessor, RAM 2GB, ROM 32GB, WIFI: 802.11 a/b/g/n/ac (dual band 2.4GHz si 5GHz) cu MIMO + Celular LTE 4G, Camera iSight 12MP, Dual-Led (True Tone) flash, inregistrare video 4K la 30fps Camera secundara FaceTime HD 5MP, inregistrare video 720p, Porturi: Lightining connector, Smart Connector, 3.5mm Jack, Conectivitate: Bluetooth 4.2, A-GPS, GLONASS, iBeacon, Touch ID, Suport conectare Smart Keyboard si Apple Pencil, Baterie: Li-Po 27.5-Watt, Browsing Internet pana la 9 ore pe Wi-Fi, culoare Rose Gold, Dimensiuni: 240x169.5x6.1 mm, Greutate: 444g, Accesorii: Cablu Lightining la USB, adaptor priza, iOS 9 Garantie: 12||4232.45|100|http://presta.redlinemultimedia.ro/15064-cart_default/apple-ipad-pro-97-cellular-32gb-4g-rose-gold-mlyj2hc-a.jpg|12380|RON|new|1
Apple iPad Pro 9.7', Cellular, 256GB, 4G, Gold|MLQ82HC/A|APPLE|None|Tableta iPad Pro, 9.7' Retina Display 2048x1536, IPS, 264ppi, Procesor A9X 64-bit M9 Motion Coprocessor, RAM 2GB, ROM 256GB, WIFI: 802.11 a/b/g/n/ac (dual band 2.4GHz si 5GHz) cu MIMO + Celular LTE 4G, Camera iSight 12MP, Dual-Led (True Tone) flash, inregistrare video 4K la 30fps Camera secundara FaceTime HD 5MP, inregistrare video 720p, Porturi: Lightining connector, Smart Connector, 3.5mm Jack, Conectivitate: Bluetooth 4.2, A-GPS, GLONASS, iBeacon, Touch ID, Suport conectare Smart Keyboard si Apple Pencil, Baterie: Li-Po 27.5-Watt, Browsing Internet pana la 9 ore pe Wi-Fi, culoare Gold, Dimensiuni: 240x169.5x6.1 mm, Greutate: 444g, Accesorii: Cablu Lightining la USB, adaptor priza, iOS 9 Garantie: 12||5290.25|100|http://presta.redlinemultimedia.ro/15066-cart_default/apple-ipad-pro-97-cellular-256gb-4g-gold-mlq82hc-a.jpg|12381|RON|new|1
Apple iPad Pro 9.7', Cellular, 256GB, 4G, Silver|MLQ72HC/A|APPLE|None|Tableta iPad Pro, 9.7' Retina Display 2048x1536, IPS, 264ppi, Procesor A9X 64-bit M9 Motion Coprocessor, RAM 2GB, ROM 256GB, WIFI: 802.11 a/b/g/n/ac (dual band 2.4GHz si 5GHz) cu MIMO + Celular LTE 4G, Camera iSight 12MP, Dual-Led (True Tone) flash, inregistrare video 4K la 30fps Camera secundara FaceTime HD 5MP, inregistrare video 720p, Porturi: Lightining connector, Smart Connector, 3.5mm Jack, Conectivitate: Bluetooth 4.2, A-GPS, GLONASS, iBeacon, Touch ID, Suport conectare Smart Keyboard si Apple Pencil, Baterie: Li-Po 27.5-Watt, Browsing Internet pana la 9 ore pe Wi-Fi, culoare Silver, Dimensiuni: 240x169.5x6.1 mm, Greutate: 444g, Accesorii: Cablu Lightining la USB, adaptor priza, iOS 9 Garantie: 12||5290.25|100|http://presta.redlinemultimedia.ro/15067-cart_default/apple-ipad-pro-97-cellular-256gb-4g-silver-mlq72hc-a.jpg|12382|RON|new|1
Apple iPad Pro 9.7', Cellular, 256GB, 4G, Space Grey|MLQ62HC/A|APPLE|None|Tableta iPad Pro, 9.7' Retina Display 2048x1536, IPS, 264ppi, Procesor A9X 64-bit M9 Motion Coprocessor, RAM 2GB, ROM 256GB, WIFI: 802.11 a/b/g/n/ac (dual band 2.4GHz si 5GHz) cu MIMO + Celular LTE 4G, Camera iSight 12MP, Dual-Led (True Tone) flash, inregistrare video 4K la 30fps Camera secundara FaceTime HD 5MP, inregistrare video 720p, Porturi: Lightining connector, Smart Connector, 3.5mm Jack, Conectivitate: Bluetooth 4.2, A-GPS, GLONASS, iBeacon, Touch ID, Suport conectare Smart Keyboard si Apple Pencil, Baterie: Li-Po 27.5-Watt, Browsing Internet pana la 9 ore pe Wi-Fi, culoare Space Gray, Dimensiuni: 240x169.5x6.1 mm, Greutate: 444g, Accesorii: Cablu Lightining la USB, adaptor priza, iOS 9 Garantie: 12||5290.25|100|http://presta.redlinemultimedia.ro/15068-cart_default/apple-ipad-pro-97-cellular-256gb-4g-space-grey-mlq62hc-a.jpg|12383|RON|new|1
Apple iPad Pro 9.7', Cellular, 128GB, 4G, Gold|MLQ52HC/A|APPLE|None|Tableta iPad Pro, 9.7' Retina Display 2048x1536, IPS, 264ppi, Procesor A9X 64-bit M9 Motion Coprocessor, RAM 2GB, ROM 128GB, WIFI: 802.11 a/b/g/n/ac (dual band 2.4GHz si 5GHz) cu MIMO + Celular LTE 4G, Camera iSight 12MP, Dual-Led (True Tone) flash, inregistrare video 4K la 30fps Camera secundara FaceTime HD 5MP, inregistrare video 720p, Porturi: Lightining connector, Smart Connector, 3.5mm Jack, Conectivitate: Bluetooth 4.2, A-GPS, GLONASS, iBeacon, Touch ID, Suport conectare Smart Keyboard si Apple Pencil, Baterie: Li-Po 27.5-Watt, Browsing Internet pana la 9 ore pe Wi-Fi, culoare Gold, Dimensiuni: 240x169.5x6.1 mm, Greutate: 444g, Accesorii: Cablu Lightining la USB, adaptor priza, iOS 9 Garantie: 12||4726.09|100|http://presta.redlinemultimedia.ro/15069-cart_default/apple-ipad-pro-97-cellular-128gb-4g-gold-mlq52hc-a.jpg|12384|RON|new|1
Apple iPad Pro 9.7', Cellular, 128GB, 4G, Silver|MLQ42HC/A|APPLE|None|Tableta iPad Pro, 9.7' Retina Display 2048x1536, IPS, 264ppi, Procesor A9X 64-bit M9 Motion Coprocessor, RAM 2GB, ROM 128GB, WIFI: 802.11 a/b/g/n/ac (dual band 2.4GHz si 5GHz) cu MIMO + Celular LTE 4G, Camera iSight 12MP, Dual-Led (True Tone) flash, inregistrare video 4K la 30fps Camera secundara FaceTime HD 5MP, inregistrare video 720p, Porturi: Lightining connector, Smart Connector, 3.5mm Jack, Conectivitate: Bluetooth 4.2, A-GPS, GLONASS, iBeacon, Touch ID, Suport conectare Smart Keyboard si Apple Pencil, Baterie: Li-Po 27.5-Watt, Browsing Internet pana la 9 ore pe Wi-Fi, culoare Silver, Dimensiuni: 240x169.5x6.1 mm, Greutate: 444g, Accesorii: Cablu Lightining la USB, adaptor priza, iOS 9 Garantie: 12||4726.09|100|http://presta.redlinemultimedia.ro/15070-cart_default/apple-ipad-pro-97-cellular-128gb-4g-silver-mlq42hc-a.jpg|12385|RON|new|1
Apple iPad Pro 9.7', Cellular, 128GB, 4G, Space Grey|MLQ32HC/A|APPLE|None|Tableta iPad Pro, 9.7' Retina Display 2048x1536, IPS, 264ppi, Procesor A9X 64-bit M9 Motion Coprocessor, RAM 2GB, ROM 128GB, WIFI: 802.11 a/b/g/n/ac (dual band 2.4GHz si 5GHz) cu MIMO + Celular LTE 4G, Camera iSight 12MP, Dual-Led (True Tone) flash, inregistrare video 4K la 30fps Camera secundara FaceTime HD 5MP, inregistrare video 720p, Porturi: Lightining connector, Smart Connector, 3.5mm Jack, Conectivitate: Bluetooth 4.2, A-GPS, GLONASS, iBeacon, Touch ID, Suport conectare Smart Keyboard si Apple Pencil, Baterie: Li-Po 27.5-Watt, Browsing Internet pana la 9 ore pe Wi-Fi, culoare Space Gray, Dimensiuni: 240x169.5x6.1 mm, Greutate: 444g, Accesorii: Cablu Lightining la USB, adaptor priza, iOS 9 Garantie: 12||4726.09|100|http://presta.redlinemultimedia.ro/15071-cart_default/apple-ipad-pro-97-cellular-128gb-4g-space-grey-mlq32hc-a.jpg|12386|RON|new|1
Apple iPad Pro 9.7', Cellular, 32GB, 4G, Gold|MLPY2HC/A|APPLE|None|Tableta iPad Pro, 9.7' Retina Display 2048x1536, IPS, 264ppi, Procesor A9X 64-bit M9 Motion Coprocessor, RAM 2GB, ROM 32GB, WIFI: 802.11 a/b/g/n/ac (dual band 2.4GHz si 5GHz) cu MIMO + Celular LTE 4G, Camera iSight 12MP, Dual-Led (True Tone) flash, inregistrare video 4K la 30fps Camera secundara FaceTime HD 5MP, inregistrare video 720p, Porturi: Lightining connector, Smart Connector, 3.5mm Jack, Conectivitate: Bluetooth 4.2, A-GPS, GLONASS, iBeacon, Touch ID, Suport conectare Smart Keyboard si Apple Pencil, Baterie: Li-Po 27.5-Watt, Browsing Internet pana la 9 ore pe Wi-Fi, culoare Gold, Dimensiuni: 240x169.5x6.1 mm, Greutate: 444g, Accesorii: Cablu Lightining la USB, adaptor priza, iOS 9 Garantie: 12||4232.45|100|http://presta.redlinemultimedia.ro/15072-cart_default/apple-ipad-pro-97-cellular-32gb-4g-gold-mlpy2hc-a.jpg|12387|RON|new|1
Apple iPad Pro 9.7', Cellular, 32GB, 4G, Silver|MLPX2HC/A|APPLE|None|Tableta iPad Pro, 9.7' Retina Display 2048x1536, IPS, 264ppi, Procesor A9X 64-bit M9 Motion Coprocessor, RAM 2GB, ROM 32GB, WIFI: 802.11 a/b/g/n/ac (dual band 2.4GHz si 5GHz) cu MIMO + Celular LTE 4G, Camera iSight 12MP, Dual-Led (True Tone) flash, inregistrare video 4K la 30fps Camera secundara FaceTime HD 5MP, inregistrare video 720p, Porturi: Lightining connector, Smart Connector, 3.5mm Jack, Conectivitate: Bluetooth 4.2, A-GPS, GLONASS, iBeacon, Touch ID, Suport conectare Smart Keyboard si Apple Pencil, Baterie: Li-Po 27.5-Watt, Browsing Internet pana la 9 ore pe Wi-Fi, culoare Silver, Dimensiuni: 240x169.5x6.1 mm, Greutate: 444g, Accesorii: Cablu Lightining la USB, adaptor priza, iOS 9 Garantie: 12||4232.45|100|http://presta.redlinemultimedia.ro/15073-cart_default/apple-ipad-pro-97-cellular-32gb-4g-silver-mlpx2hc-a.jpg|12388|RON|new|1
Apple iPad Pro 9.7', Cellular, 32GB, 4G, Space Grey|MLPW2HC/A|APPLE|None|Tableta iPad Pro, 9.7' Retina Display 2048x1536, IPS, 264ppi, Procesor A9X 64-bit M9 Motion Coprocessor, RAM 2GB, ROM 32GB, WIFI: 802.11 a/b/g/n/ac (dual band 2.4GHz si 5GHz) cu MIMO + Celular LTE 4G, Camera iSight 12MP, Dual-Led (True Tone) flash, inregistrare video 4K la 30fps Camera secundara FaceTime HD 5MP, inregistrare video 720p, Porturi: Lightining connector, Smart Connector, 3.5mm Jack, Conectivitate: Bluetooth 4.2, A-GPS, GLONASS, iBeacon, Touch ID, Suport conectare Smart Keyboard si Apple Pencil, Baterie: Li-Po 27.5-Watt, Browsing Internet pana la 9 ore pe Wi-Fi, culoare Space Gray, Dimensiuni: 240x169.5x6.1 mm, Greutate: 444g, Accesorii: Cablu Lightining la USB, adaptor priza, iOS 9 Garantie: 12||4232.45|100|http://presta.redlinemultimedia.ro/15074-cart_default/apple-ipad-pro-97-cellular-32gb-4g-space-grey-mlpw2hc-a.jpg|12389|RON|new|1
Apple iPad Pro 9.7', 256GB, Wi-Fi, Gold|MLN12HC/A|APPLE|None|Tableta iPad Pro, 9.7' Retina Display 2048x1536, IPS, 264ppi, Procesor A9X 64-bit M9 Motion Coprocessor, RAM 2GB, ROM 256GB, WIFI: 802.11 a/b/g/n/ac (dual band 2.4GHz si 5GHz) cu MIMO, Camera iSight 12MP, Dual- Led (True Tone) flash, inregistrare video 4K la 30fps Camera secundara FaceTime HD 5MP, inregistrare video 720p, Porturi: Lightining connector, Smart Connector, 3.5mm Jack, Conectivitate: Bluetooth 4.2, iBeacon, Touch ID, Suport conectare Smart Keyboard si Apple Pencil, Baterie: Li- Po 27.5-Watt, Browsing Internet pana la 10 ore pe Wi-Fi, culoare Gold, Dimensiuni: 240x169.5x6.1 mm, Greutate: 437g, Accesorii: Cablu Lightining la USB, adaptor priza, iOS 9 Garantie: 12||4514.53|100|http://presta.redlinemultimedia.ro/15075-cart_default/apple-ipad-pro-97-256gb-wi-fi-gold-mln12hc-a.jpg|12390|RON|new|1
Tableta Apple iPad Pro 9.7 cu Retina WiFi 256GB Silver mln02hc/a|MLN02HC/A|APPLE|None|Tableta iPad Pro, 9.7' Retina Display 2048x1536, IPS, 264ppi, Procesor A9X 64-bit M9 Motion Coprocessor, RAM 2GB, ROM 256GB, WIFI: 802.11 a/b/g/n/ac (dual band 2.4GHz si 5GHz) cu MIMO, Camera iSight 12MP, Dual- Led (True Tone) flash, inregistrare video 4K la 30fps Camera secundara FaceTime HD 5MP, inregistrare video 720p, Porturi: Lightining connector, Smart Connector, 3.5mm Jack, Conectivitate: Bluetooth 4.2, iBeacon, Touch ID, Suport conectare Smart Keyboard si Apple Pencil, Baterie: Li- Po 27.5-Watt, Browsing Internet pana la 10 ore pe Wi-Fi, culoare Silver, Dimensiuni: 240x169.5x6.1 mm, Greutate: 437g, Accesorii: Cablu Lightining la USB, adaptor priza, iOS 9 Garantie: 12||4514.53|100|http://presta.redlinemultimedia.ro/15076-cart_default/tableta-apple-ipad-pro-97-cu-retina-wifi-256gb-silver-mln02hc-a-mln02hc-a.jpg|12391|RON|new|1
Tableta Apple iPad Pro 9.7 cu Retina WiFi 256GB Space Gray mlmy2hc/a|MLMY2HC/A|APPLE|None|Tableta iPad Pro, 9.7' Retina Display 2048x1536, IPS, 264ppi, Procesor A9X 64-bit M9 Motion Coprocessor, RAM 2GB, ROM 256GB, WIFI: 802.11 a/b/g/n/ac (dual band 2.4GHz si 5GHz) cu MIMO, Camera iSight 12MP, Dual- Led (True Tone) flash, inregistrare video 4K la 30fps Camera secundara FaceTime HD 5MP, inregistrare video 720p, Porturi: Lightining connector, Smart Connector, 3.5mm Jack, Conectivitate: Bluetooth 4.2, iBeacon, Touch ID, Suport conectare Smart Keyboard si Apple Pencil, Baterie: Li- Po 27.5-Watt, Browsing Internet pana la 10 ore pe Wi-Fi, culoare Space Gray, Dimensiuni: 240x169.5x6.1 mm, Greutate: 437g, Accesorii: Cablu Lightining la USB, adaptor priza, iOS 9 Garantie: 12||4514.53|100|http://presta.redlinemultimedia.ro/15077-cart_default/tableta-apple-ipad-pro-97-cu-retina-wifi-256gb-space-gray-mlmy2hc-a-mlmy2hc-a.jpg|12392|RON|new|1
Tableta Apple iPad Pro 9.7 cu Retina WiFi 128GB Gold mlmx2hc/a|MLMX2HC/A|APPLE|None|Tableta iPad Pro, 9.7' Retina Display 2048x1536, IPS, 264ppi, Procesor A9X 64-bit M9 Motion Coprocessor, RAM 2GB, ROM 128GB, WIFI: 802.11 a/b/g/n/ac (dual band 2.4GHz si 5GHz) cu MIMO, Camera iSight 12MP, Dual- Led (True Tone) flash, inregistrare video 4K la 30fps Camera secundara FaceTime HD 5MP, inregistrare video 720p, Porturi: Lightining connector, Smart Connector, 3.5mm Jack, Conectivitate: Bluetooth 4.2, iBeacon, Touch ID, Suport conectare Smart Keyboard si Apple Pencil, Baterie: Li- Po 27.5-Watt, Browsing Internet pana la 10 ore pe Wi-Fi, culoare Gold, Dimensiuni: 240x169.5x6.1 mm, Greutate: 437g, Accesorii: Cablu Lightining la USB, adaptor priza, iOS 9 Garantie: 12||4020.88|100|http://presta.redlinemultimedia.ro/15078-cart_default/tableta-apple-ipad-pro-97-cu-retina-wifi-128gb-gold-mlmx2hc-a-mlmx2hc-a.jpg|12393|RON|new|1
Tableta Apple iPad Pro 9.7 cu Retina WiFi 128GB Silver mlmw2hc/a|MLMW2HC/A|APPLE|None|Tableta iPad Pro, 9.7' Retina Display 2048x1536, IPS, 264ppi, Procesor A9X 64-bit M9 Motion Coprocessor, RAM 2GB, ROM 128GB, WIFI: 802.11 a/b/g/n/ac (dual band 2.4GHz si 5GHz) cu MIMO, Camera iSight 12MP, Dual- Led (True Tone) flash, inregistrare video 4K la 30fps Camera secundara FaceTime HD 5MP, inregistrare video 720p, Porturi: Lightining connector, Smart Connector, 3.5mm Jack, Conectivitate: Bluetooth 4.2, iBeacon, Touch ID, Suport conectare Smart Keyboard si Apple Pencil, Baterie: Li- Po 27.5-Watt, Browsing Internet pana la 10 ore pe Wi-Fi, culoare Silver, Dimensiuni: 240x169.5x6.1 mm, Greutate: 437g, Accesorii: Cablu Lightining la USB, adaptor priza, iOS 9 Garantie: 12||4020.88|100|http://presta.redlinemultimedia.ro/15079-cart_default/tableta-apple-ipad-pro-97-cu-retina-wifi-128gb-silver-mlmw2hc-a-mlmw2hc-a.jpg|12394|RON|new|1
Tableta Apple iPad Pro 9.7 cu Retina WiFi 128GB Space Gray mlmv2hc/a|MLMV2HC/A|APPLE|None|Tableta iPad Pro, 9.7' Retina Display 2048x1536, IPS, 264ppi, Procesor A9X 64-bit M9 Motion Coprocessor, RAM 2GB, ROM 128GB, WIFI: 802.11 a/b/g/n/ac (dual band 2.4GHz si 5GHz) cu MIMO, Camera iSight 12MP, Dual- Led (True Tone) flash, inregistrare video 4K la 30fps Camera secundara FaceTime HD 5MP, inregistrare video 720p, Porturi: Lightining connector, Smart Connector, 3.5mm Jack, Conectivitate: Bluetooth 4.2, iBeacon, Touch ID, Suport conectare Smart Keyboard si Apple Pencil, Baterie: Li- Po 27.5-Watt, Browsing Internet pana la 10 ore pe Wi-Fi, culoare Space Gray, Dimensiuni: 240x169.5x6.1 mm, Greutate: 437g, Accesorii: Cablu Lightining la USB, adaptor priza, iOS 9 Garantie: 12||4020.88|100|http://presta.redlinemultimedia.ro/15080-cart_default/tableta-apple-ipad-pro-97-cu-retina-wifi-128gb-space-gray-mlmv2hc-a-mlmv2hc-a.jpg|12395|RON|new|1
Tableta Apple iPad Pro 9.7 cu Retina WiFi 32GB Gold mlmq2hc/a|MLMQ2HC/A|APPLE|None|Tableta iPad Pro, 9.7' Retina Display 2048x1536, IPS, 264ppi, Procesor A9X 64-bit M9 Motion Coprocessor, RAM 2GB, ROM 32GB, WIFI: 802.11 a/b/g/n/ac (dual band 2.4GHz si 5GHz) cu MIMO, Camera iSight 12MP, Dual- Led (True Tone) flash, inregistrare video 4K la 30fps Camera secundara FaceTime HD 5MP, inregistrare video 720p, Porturi: Lightining connector, Smart Connector, 3.5mm Jack, Conectivitate: Bluetooth 4.2, iBeacon, Touch ID, Suport conectare Smart Keyboard si Apple Pencil, Baterie: Li- Po 27.5-Watt, Browsing Internet pana la 10 ore pe Wi-Fi, culoare Gold, Dimensiuni: 240x169.5x6.1 mm, Greutate: 437g, Accesorii: Cablu Lightining la USB, adaptor priza, iOS 9 Garantie: 12||3455.31|100|http://presta.redlinemultimedia.ro/15081-cart_default/tableta-apple-ipad-pro-97-cu-retina-wifi-32gb-gold-mlmq2hc-a-mlmq2hc-a.jpg|12396|RON|new|1
Tableta Apple iPad Pro 9.7 cu Retina WiFi 32GB Silver mlmp2hc/a|MLMP2HC/A|APPLE|None|Tableta iPad Pro, 9.7' Retina Display 2048x1536, IPS, 264ppi, Procesor A9X 64-bit M9 Motion Coprocessor, RAM 2GB, ROM 32GB, WIFI: 802.11 a/b/g/n/ac (dual band 2.4GHz si 5GHz) cu MIMO, Camera iSight 12MP, Dual- Led (True Tone) flash, inregistrare video 4K la 30fps Camera secundara FaceTime HD 5MP, inregistrare video 720p, Porturi: Lightining connector, Smart Connector, 3.5mm Jack, Conectivitate: Bluetooth 4.2, iBeacon, Touch ID, Suport conectare Smart Keyboard si Apple Pencil, Baterie: Li- Po 27.5-Watt, Browsing Internet pana la 10 ore pe Wi-Fi, culoare Silver, Dimensiuni: 240x169.5x6.1 mm, Greutate: 437g, Accesorii: Cablu Lightining la USB, adaptor priza, iOS 9 Garantie: 12||3455.31|100|http://presta.redlinemultimedia.ro/15082-cart_default/tableta-apple-ipad-pro-97-cu-retina-wifi-32gb-silver-mlmp2hc-a-mlmp2hc-a.jpg|12397|RON|new|1
Tableta Apple iPad Pro 9.7 cu Retina WiFi 32GB Space Gray mlmn2hc/a|MLMN2HC/A|APPLE|None|Tableta iPad Pro, 9.7' Retina Display 2048x1536, IPS, 264ppi, Procesor A9X 64-bit M9 Motion Coprocessor, RAM 2GB, ROM 32GB, WIFI: 802.11 a/b/g/n/ac (dual band 2.4GHz si 5GHz) cu MIMO, Camera iSight 12MP, Dual- Led (True Tone) flash, inregistrare video 4K la 30fps Camera secundara FaceTime HD 5MP, inregistrare video 720p, Porturi: Lightining connector, Smart Connector, 3.5mm Jack, Conectivitate: Bluetooth 4.2, iBeacon, Touch ID, Suport conectare Smart Keyboard si Apple Pencil, Baterie: Li- Po 27.5-Watt, Browsing Internet pana la 10 ore pe Wi-Fi, culoare Space Gray, Dimensiuni: 240x169.5x6.1 mm, Greutate: 437g, Accesorii: Cablu Lightining la USB, adaptor priza, iOS 9 Garantie: 12||3455.31|100|http://presta.redlinemultimedia.ro/15083-cart_default/tableta-apple-ipad-pro-97-cu-retina-wifi-32gb-space-gray-mlmn2hc-a-mlmn2hc-a.jpg|12398|RON|new|1
Stylus Apple Pencil pentru iPad Pro|MK0C2ZM/A|APPLE|None|Stylus Apple compatibil cu iPad Pro, culoare alb, MK0C2ZM/AGarantie: 12||588.15|100|http://presta.redlinemultimedia.ro/15108-cart_default/stylus-apple-pencil-pentru-ipad-pro-mk0c2zm-a.jpg|12422|RON|new|1
Laptop Apple MacBook 12 Intel DualCore M5 1.20GHz,12',Ecran Retina,8GB,512GB SSD,Intel HD515,OS X El Capitan,RO KB,Rose Gold|MMGM2RO/A|APPLE|None|'Ultrabook Apple MacBook, Retina 12'' (2304x1440), IPS LED-Backlight, Intel Dual-Core M5 (1.2GHz, Up to 2.7GHz, 4MB L3), video integrat Intel HD 515, RAM 8GB DDR3 1600MHz (1x8GB), SSD 512GB, no ODD, no Card reader, boxe stereo, 480p FaceTime camera, WLAN AC Bluetooth 4.0, USB-C Port cu suport pentru: USB 3.1, DisplayPort, VGA-out, HDMI-out (prin Adaptor Multiport vandut separat), adaptor 29W, Baterie 41.4Whr, pana la: 10 ore de web browsing, 11 ore de iTunes, 30 de zile standby, Tastatura full- size, ilumintata individual pe fiecare tasta,RO, culoare Rose Gold, 0.92Kg, 280x196x13mm (WxDxH), OS X El Capitan 'Garantie: 12||8673.22|100|http://presta.redlinemultimedia.ro/23341-cart_default/laptop-apple-macbook-12-intel-dualcore-m5-120ghz12ecran-retina8gb512gb-ssdintel-hd515os-x-el-capitanro-kbrose-gold-mmgm2ro-a.jpg|16504|RON|new|1
Laptop Apple MacBook 12 Intel DualCore M3 1.10GHz,12',Ecran Retina,8GB,256GB SSD,Intel HD515,OS X El Capitan,RO KB,Rose Gold|MMGL2RO/A|APPLE|None|'Ultrabook Apple MacBook, Retina 12'' (2304x1440), IPS LED-Backlight, Intel Dual-Core M3 (1.1GHz, Up to 2.2GHz, 4MB L3), video integrat Intel HD 515, RAM 8GB DDR3 1600MHz (1x8GB), SSD 256GB, no ODD, no Card reader, boxe stereo, 480p FaceTime camera, WLAN AC Bluetooth 4.0, USB-C Port cu suport pentru: USB 3.1, DisplayPort, VGA-out, HDMI-out (prin Adaptor Multiport vandut separat), adaptor 29W, Baterie 41.4Whr, pana la: 10 ore de web browsing, 11 ore de iTunes, 30 de zile standby, Tastatura full- size, ilumintata individual pe fiecare tasta, RO, culoare Rose Gold, 0.92Kg, 280x196x13mm (WxDxH), OS X El Capitan'Garantie: 12||7111.88|100|http://presta.redlinemultimedia.ro/23342-cart_default/laptop-apple-macbook-12-intel-dualcore-m3-110ghz12ecran-retina8gb256gb-ssdintel-hd515os-x-el-capitanro-kbrose-gold-mmgl2ro-a.jpg|16505|RON|new|1
Laptop Apple MacBook 12 Intel DualCore M5 1.20GHz,12',Ecran Retina,8GB,512GB SSD,Intel HD515,OS X El Capitan,RO KB,Gold|MLHF2RO/A|APPLE|None|'Ultrabook Apple MacBook, Retina 12'' (2304x1440), IPS LED-Backlight, Intel Dual-Core M5 (1.2GHz, Up to 2.7GHz, 4MB L3), video integrat Intel HD 515, RAM 8GB DDR3 1600MHz (1x8GB), SSD 512GB, no ODD, no Card reader, boxe stereo, 480p FaceTime camera, WLAN AC Bluetooth 4.0, USB-C Port cu suport pentru: USB 3.1, DisplayPort, VGA-out, HDMI-out (prin Adaptor Multiport vandut separat), adaptor 29W, Baterie 41.4Whr, pana la: 10 ore de web browsing, 11 ore de iTunes, 30 de zile standby, Tastatura full- size, ilumintata individual pe fiecare tasta,RO, culoare Gold, 0.92Kg, 280x196x13mm (WxDxH), OS X El Capitan 'Garantie: 12||8673.22|100|http://presta.redlinemultimedia.ro/23343-cart_default/laptop-apple-macbook-12-intel-dualcore-m5-120ghz12ecran-retina8gb512gb-ssdintel-hd515os-x-el-capitanro-kbgold-mlhf2ro-a.jpg|16506|RON|new|1
Laptop Apple MacBook 12 Intel DualCore M3 1.10GHz,12',Ecran Retina,8GB,256GB SSD,Intel HD515,OS X El Capitan,RO KB,Gold|MLHE2RO/A|APPLE|None|'Ultrabook Apple MacBook, Retina 12'' (2304x1440), IPS LED-Backlight, Intel Dual-Core M3 (1.1GHz, Up to 2.2GHz, 4MB L3), video integrat Intel HD 515, RAM 8GB DDR3 1600MHz (1x8GB), SSD 256GB, no ODD, no Card reader, boxe stereo, 480p FaceTime camera, WLAN AC Bluetooth 4.0, USB-C Port cu suport pentru: USB 3.1, DisplayPort, VGA-out, HDMI-out (prin Adaptor Multiport vandut separat), adaptor 29W, Baterie 41.4Whr, pana la: 10 ore de web browsing, 11 ore de iTunes, 30 de zile standby, Tastatura full- size, ilumintata individual pe fiecare tasta, RO, culoare Gold, 0.92Kg, 280x196x13mm (WxDxH), OS X El Capitan'Garantie: 12||7111.88|100|http://presta.redlinemultimedia.ro/23344-cart_default/laptop-apple-macbook-12-intel-dualcore-m3-110ghz12ecran-retina8gb256gb-ssdintel-hd515os-x-el-capitanro-kbgold-mlhe2ro-a.jpg|16507|RON|new|1
Laptop Apple MacBook 12 Intel DualCore M5 1.20GHz,12',Ecran Retina,8GB,512GB SSD,Intel HD515,OS X El Capitan,RO KB,Silver|MLHC2RO/A|APPLE|None|'Ultrabook Apple MacBook, Retina 12'' (2304x1440), IPS LED-Backlight, Intel Dual-Core M5 (1.2GHz, Up to 2.7GHz, 4MB L3), video integrat Intel HD 515, RAM 8GB DDR3 1600MHz (1x8GB), SSD 512GB, no ODD, no Card reader, boxe stereo, 480p FaceTime camera, WLAN AC Bluetooth 4.0, USB-C Port cu suport pentru: USB 3.1, DisplayPort, VGA-out, HDMI-out (prin Adaptor Multiport vandut separat), adaptor 29W, Baterie 41.4Whr, pana la: 10 ore de web browsing, 11 ore de iTunes, 30 de zile standby, Tastatura full- size, ilumintata individual pe fiecare tasta,RO, culoare Silver, 0.92Kg, 280x196x13mm (WxDxH), OS X El Capitan 'Garantie: 12||8673.22|100|http://presta.redlinemultimedia.ro/23345-cart_default/laptop-apple-macbook-12-intel-dualcore-m5-120ghz12ecran-retina8gb512gb-ssdintel-hd515os-x-el-capitanro-kbsilver-mlhc2ro-a.jpg|16508|RON|new|1
Laptop Apple MacBook 12 Intel DualCore M3 1.10GHz,12',Ecran Retina,8GB,256GB SSD,Intel HD515,OS X El Capitan,RO KB,Silver|MLHA2RO/A|APPLE|None|'Ultrabook Apple MacBook, Retina 12'' (2304x1440), IPS LED-Backlight, Intel Dual-Core M3 (1.1GHz, Up to 2.2GHz, 4MB L3), video integrat Intel HD 515, RAM 8GB DDR3 1600MHz (1x8GB), SSD 256GB, no ODD, no Card reader, boxe stereo, 480p FaceTime camera, WLAN AC Bluetooth 4.0, USB-C Port cu suport pentru: USB 3.1, DisplayPort, VGA-out, HDMI-out (prin Adaptor Multiport vandut separat), adaptor 29W, Baterie 41.4Whr, pana la: 10 ore de web browsing, 11 ore de iTunes, 30 de zile standby, Tastatura full- size, ilumintata individual pe fiecare tasta, RO, culoare Silver, 0.92Kg, 280x196x13mm (WxDxH), OS X El Capitan'Garantie: 12||7111.88|100|http://presta.redlinemultimedia.ro/23346-cart_default/laptop-apple-macbook-12-intel-dualcore-m3-110ghz12ecran-retina8gb256gb-ssdintel-hd515os-x-el-capitanro-kbsilver-mlha2ro-a.jpg|16509|RON|new|1
Laptop Apple MacBook 12 Intel DualCore M3 1.10GHz,12',Ecran Retina,8GB,256GB SSD,Intel HD515,OS X El Capitan,RO KB,SpaceGrey|MLH72RO/A|APPLE|None|'Ultrabook Apple MacBook, Retina 12'' (2304x1440), IPS LED-Backlight, Intel Dual-Core M3 (1.1GHz, Up to 2.2GHz, 4MB L3), video integrat Intel HD 515, RAM 8GB DDR3 1600MHz (1x8GB), SSD 256GB, no ODD, no Card reader, boxe stereo, 480p FaceTime camera, WLAN AC Bluetooth 4.0, USB-C Port cu suport pentru: USB 3.1, DisplayPort, VGA-out, HDMI-out (prin Adaptor Multiport vandut separat), adaptor 29W, Baterie 41.4Whr, pana la: 10 ore de web browsing, 11 ore de iTunes, 30 de zile standby, Tastatura full- size, ilumintata individual pe fiecare tasta, RO, culoare Space Gray, 0.92Kg, 280x196x13mm (WxDxH), OS X El Capitan'Garantie: 12||7111.88|100|http://presta.redlinemultimedia.ro/23347-cart_default/laptop-apple-macbook-12-intel-dualcore-m3-110ghz12ecran-retina8gb256gb-ssdintel-hd515os-x-el-capitanro-kbspacegrey-mlh72ro-a.jpg|16510|RON|new|1
Laptop Apple MacBook Pro 13, Retina,Touch Bar,Intel i5 2.9GHz,8GB RAM,512GB SSD,Intel Iris 550,Sierra,SpaceGrey,INT KB|MNQF2ZE/A|APPLE|None|Laptop Apple MacBook Pro 2016, 13' Retina (2560x1600), Intel Core i5 2.9GHz, Turbo Boost 3.3GHz, 4MB, video integrat Intel Iris Graphics 550, RAM 8GB LPDDR3 2133MHz, SSD 512GB PCI-e, NO-ODD, Touch Bar, Touch ID, Stereo speakers, 3 microfoane, WLAN 802.11 ac , Bluetooth 4.2, Porturi: 4xThunderbolt 3 / 1xAudio combo jack, Adaptor 61W USB-C, Baterie 49.2WHr Li-Polymer, Tastatura EN iluminata, culoare space grey, 1.37Kg, 304.1x212.4x14.9mm (WxDxH), OS Sierra Garantie: 12||11147.09|100|http://presta.redlinemultimedia.ro/23430-cart_default/laptop-apple-macbook-pro-13-retinatouch-barintel-i5-29ghz8gb-ram512gb-ssdintel-iris-550sierraspacegreyint-kb-mnqf2ze-a.jpg|16528|RON|new|1
Laptop Apple MacBook Pro15,Retina,TouchBar,Intel QuadCore i7 2.6GHz,16GB RAM,256GB SSD,Radeon Pro450 2GB,Sierra,SpaceGrey,INT KB|MLH32ZE/A|APPLE|None|Laptop Apple MacBook Pro 2016, 15' Retina (2880x1800), Intel Core i7 2.6GHz, Turbo Boost 3.5GHz, 6MB, video dedicat Radeon Pro 450 2GB GDDR5, RAM 16GB LPDDR3 2133MHz, SSD 256GB PCI-e, NO-ODD, Touch Bar, Touch ID, Stereo speakers, 3 microfoane, WLAN 802.11 ac, Bluetooth 4.2, Porturi: 4xThunderbolt 3 / 1xAudio combo jack, Adaptor 87W USB-C, Baterie 76WHr Li-Polymer, Tastatura EN iluminata, culoare space grey, 1.83Kg, 349.3x240.7x15.5mm (WxDxH), OS Sierra Garantie: 12||13544.78|100|http://presta.redlinemultimedia.ro/23432-cart_default/laptop-apple-macbook-pro15retinatouchbarintel-quadcore-i7-26ghz16gb-ram256gb-ssdradeon-pro450-2gbsierraspacegreyint-kb-mlh32ze-a.jpg|16530|RON|new|1
Laptop Apple MacBook Pro 13,Retina, Touch Bar,Intel Dual Core i5 2.9GHz,8GBRAM,256GB SSD,Intel Iris 550,Sierra,SpaceGrey,INT|MLH12ZE/A|APPLE|None|Laptop Apple MacBook Pro 2016, 13' Retina (2560x1600), Intel Core i5 2.9GHz, Turbo Boost 3.3GHz, 4MB, video integrat Intel Iris Graphics 550, RAM 8GB LPDDR3 2133MHz, SSD 256GB PCI-e, NO-ODD, Touch Bar, Touch ID, Stereo speakers, 3 microfoane, WLAN 802.11 ac, Bluetooth 4.2, Porturi: 4xThunderbolt 3 / 1xAudio combo jack, Adaptor 61W USB-C, Baterie 49.2WHr Li-Polymer, Tastatura EN iluminata, culoare space grey, 1.37Kg, 304.1x212.4x14.9mm (WxDxH), OS Sierra Garantie: 12||10300.83|100|http://presta.redlinemultimedia.ro/23433-cart_default/laptop-apple-macbook-pro-13retina-touch-barintel-dual-core-i5-29ghz8gbram256gb-ssdintel-iris-550sierraspacegreyint-mlh12ze-a.jpg|16531|RON|new|1
Laptop Apple MacBook Pro 15,Retina,TouchBar,Intel QuadCore i7 2.7GHz,16GB RAM,512GB SSD,Radeon Pro455 2GB,Sierra,Silver,INT KB|MLW82ZE/A|APPLE|None|Laptop Apple MacBook Pro 2016, 15' Retina (2880x1800), Intel Core i7 2.7GHz, Turbo Boost 3.6GHz, 8MB, video dedicat Radeon Pro 455 2GB GDDR5, RAM 16GB LPDDR3 2133MHz, SSD 512GB PCI-e, NO-ODD, Touch Bar, Touch ID, Stereo speakers, 3 microfoane, WLAN 802.11 ac, Bluetooth 4.2, Porturi: 4xThunderbolt 3 / 1xAudio combo jack, Adaptor 87W USB-C, Baterie 76WHr Li-Polymer, Tastatura EN iluminata, culoare silver, 1.83Kg, 349.3x240.7x15.5mm (WxDxH), OS Sierra Garantie: 12||15660.4|100|http://presta.redlinemultimedia.ro/23434-cart_default/laptop-apple-macbook-pro-15retinatouchbarintel-quadcore-i7-27ghz16gb-ram512gb-ssdradeon-pro455-2gbsierrasilverint-kb-mlw82ze-a.jpg|16532|RON|new|1
Laptop Apple MacBook Pro 15,Retina,TouchBar,Intel QuadCore i7 2.6GHz,16GB RAM,256GB SSD,Radeon Pro450 2GB,Sierra,Silver,INT KB|MLW72ZE/A|APPLE|None|Laptop Apple MacBook Pro 2016, 15' Retina (2880x1800), Intel Core i7 2.6GHz, Turbo Boost 3.5GHz, 6MB, video dedicat Radeon Pro 450 2GB GDDR5, RAM 16GB LPDDR3 2133MHz, SSD 256GB PCI-e, NO-ODD, Touch Bar, Touch ID, Stereo speakers, 3 microfoane, WLAN 802.11 ac , Bluetooth 4.2, Porturi: 4xThunderbolt 3 / 1xAudio combo jack, Adaptor 87W USB-C, Baterie 76WHr Li-Polymer, Tastatura EN iluminata, culoare silver, 1.83Kg, 349.3x240.7x15.5mm (WxDxH), OS Sierra Garantie: 12||13544.78|100|http://presta.redlinemultimedia.ro/23435-cart_default/laptop-apple-macbook-pro-15retinatouchbarintel-quadcore-i7-26ghz16gb-ram256gb-ssdradeon-pro450-2gbsierrasilverint-kb-mlw72ze-a.jpg|16533|RON|new|1
Laptop Apple MacBook Pro 13, ecran Retina, Touch Bar,Intel i5 2.9GHz,8GB RAM,256GB SSD,Intel Iris 550,Sierra,Silver,INT KB|MLVP2ZE/A|APPLE|None|Laptop Apple MacBook Pro 2016, 13' Retina (2560x1600), Intel Core i5 2.9GHz, Turbo Boost 3.3GHz, 4MB, video integrat Intel Iris Graphics 550, RAM 8GB LPDDR3 2133MHz, SSD 256GB PCI-e, NO-ODD, Touch Bar, Touch ID, Stereo speakers, 3 microfoane, WLAN 802.11 ac, Bluetooth 4.2, Porturi: 4xThunderbolt 3 / 1xAudio combo jack, Adaptor 61W USB-C, Baterie 49.2WHr Li-Polymer, Tastatura EN iluminata, culoare silver, 1.37Kg, 304.1x212.4x14.9mm (WxDxH), OS Sierra Garantie: 12||10300.83|100|http://presta.redlinemultimedia.ro/23436-cart_default/laptop-apple-macbook-pro-13-ecran-retina-touch-barintel-i5-29ghz8gb-ram256gb-ssdintel-iris-550sierrasilverint-kb-mlvp2ze-a.jpg|16534|RON|new|1
Laptop Apple MacBook Pro 13, ecran Retina,Intel i5 2.0GHz,8GB RAM,256GB SSD,Intel Iris 540,Sierra,Silver,INT KB|MLUQ2ZE/A|APPLE|None|Laptop Apple MacBook Pro 2016, 13' Retina (2560x1600), Intel Core i5 2.0GHz, Turbo Boost 3.1GHz, 4MB, video integrat Intel Iris Graphics 540, RAM 8GB LPDDR3 1866MHz, SSD 256GB PCI-e, NO-ODD, Stereo speakers, 2 microfoane, WLAN 802.11 ac, Bluetooth 4.2, Porturi: 2xThunderbolt 3 / 1xAudio combo jack, Adaptor 61W USB-C, Baterie 54.5WHr Li-Polymer, Tastatura EN iluminata, culoare silver, 1.37Kg, 304.1x212.4x14.9mm (WxDxH), OS Sierra Garantie: 12||8326.25|100|http://presta.redlinemultimedia.ro/23437-cart_default/laptop-apple-macbook-pro-13-ecran-retinaintel-i5-20ghz8gb-ram256gb-ssdintel-iris-540sierrasilverint-kb-mluq2ze-a.jpg|16535|RON|new|1
Laptop Apple MacBook Pro 13, ecran Retina,Intel i5 2.0GHz,8GB RAM,256GB SSD,Intel Iris 540,Sierra,SpaceGrey,INT KB|MLL42ZE/A|APPLE|None|Laptop Apple MacBook Pro 2016, 13' Retina (2560x1600), Intel Core i5 2.0GHz, Turbo Boost 3.1GHz, 4MB, video integrat Intel Iris Graphics 540, RAM 8GB LPDDR3 1866MHz, SSD 256GB PCI-e, NO-ODD, Stereo speakers, 2 microfoane, WLAN 802.11 ac, Bluetooth 4.2, Porturi: 2xThunderbolt 3 / 1xAudio combo jack, Adaptor 61W USB-C, Baterie 54.5WHr Li-Polymer, Tastatura EN iluminata, culoare space grey, 1.37Kg, 304.1x212.4x14.9mm (WxDxH), OS Sierra Garantie: 12||8439.1|100|http://presta.redlinemultimedia.ro/23438-cart_default/laptop-apple-macbook-pro-13-ecran-retinaintel-i5-20ghz8gb-ram256gb-ssdintel-iris-540sierraspacegreyint-kb-mll42ze-a.jpg|16536|RON|new|1
Husa de protectie Apple pentru iPhone 6s Plus, Piele, Black|MKXF2ZM/A|APPLE|None|Husa Piele iPhone 6 Plus/6S Plus, BlackGarantie: 12||324.97|100|http://presta.redlinemultimedia.ro/23828-cart_default/husa-de-protectie-apple-pentru-iphone-6s-plus-piele-black-mkxf2zm-a.jpg|1366|RON|new|1
Husa de protectie cu baterie Apple pentru iPhone 6s, White|MGQM2ZM/A|APPLE|None|Husa Apple Smart Battery Case pentru iPhone 6/6S, Talk Time pana la 25h, Browsing pana 18h, Silicon, albGarantie: 12||642.77|100|http://presta.redlinemultimedia.ro/23880-cart_default/husa-de-protectie-cu-baterie-apple-pentru-iphone-6s-white-mgqm2zm-a.jpg|1313|RON|new|1
Husa de protectie Apple pentru iPhone 6s, Piele, Saddle Brown|MKXT2ZM/A|APPLE|None|Husa Piele Iphone 6/6S, Saddle BrownGarantie: 12||303.5|100|http://presta.redlinemultimedia.ro/23909-cart_default/husa-de-protectie-apple-pentru-iphone-6s-piele-saddle-brown-mkxt2zm-a.jpg|1347|RON|new|1
Husa de protectie Apple pentru iPhone 6s Plus, Silicon, Stone|MKXN2ZM/A|APPLE|None|Husa Silicon Iphone 6 Plus/6S Plus, StoneGarantie: 12||188.5|100|http://presta.redlinemultimedia.ro/23913-cart_default/husa-de-protectie-apple-pentru-iphone-6s-plus-silicon-stone-mkxn2zm-a.jpg|1350|RON|new|1
Husa de protectie Apple pentru iPhone 6s, Silicon, White|MKY12ZM/A|APPLE|None|Husa Silicon Iphone 6/6S, WhiteGarantie: 12||165.83|100|http://presta.redlinemultimedia.ro/23916-cart_default/husa-de-protectie-apple-pentru-iphone-6s-silicon-white-mky12zm-a.jpg|1333|RON|new|1
Husa de protectie Apple pentru iPhone 6s Plus, Silicon, White|MKXK2ZM/A|APPLE|None|Husa Silicon Iphone 6 Plus/6S Plus, WhiteGarantie: 12||188.5|100|http://presta.redlinemultimedia.ro/23919-cart_default/husa-de-protectie-apple-pentru-iphone-6s-plus-silicon-white-mkxk2zm-a.jpg|1357|RON|new|1
Husa de protectie Apple pentru iPhone 6s, Piele, Black|MKXW2ZM/A|APPLE|None|Husa Piele Iphone 6/6S , BlackGarantie: 12||303.5|100|http://presta.redlinemultimedia.ro/23922-cart_default/husa-de-protectie-apple-pentru-iphone-6s-piele-black-mkxw2zm-a.jpg|1342|RON|new|1
Telefon mobil Apple iPhone 7, 32GB, Silver|MN8Y2RM/A|APPLE|None|||4081.18|100|http://presta.redlinemultimedia.ro/23979-cart_default/telefon-mobil-apple-iphone-7-32gb-silver-mn8y2rm-a.jpg|1323|RON|new|1
Husa de protectie Apple pentru iPhone 7 Plus, Piele, Sea Blue|MMYH2ZM/A|APPLE|None|Husa Piele iPhone 7 Plus, Sea BlueGarantie: 12||324.97|100|http://presta.redlinemultimedia.ro/24415-cart_default/husa-de-protectie-apple-pentru-iphone-7-plus-piele-sea-blue-mmyh2zm-a.jpg|1398|RON|new|1
Husa de protectie Apple pentru iPhone 7, Piele, Sea Blue|MMY42ZM/A|APPLE|None|Husa Piele iPhone 7, Sea BlueGarantie: 12||303.5|100|http://presta.redlinemultimedia.ro/24418-cart_default/husa-de-protectie-apple-pentru-iphone-7-piele-sea-blue-mmy42zm-a.jpg|1274|RON|new|1
Husa de protectie Apple pentru iPhone 7, Piele, Saddle Brown|MMY22ZM/A|APPLE|None|Husa Piele iPhone 7, Saddle BrownGarantie: 12||303.5|100|http://presta.redlinemultimedia.ro/24421-cart_default/husa-de-protectie-apple-pentru-iphone-7-piele-saddle-brown-mmy22zm-a.jpg|1281|RON|new|1
Husa de protectie Apple pentru iPhone 7, Silicon, White|MMWF2ZM/A|APPLE|None|Husa Silicon iPhone 7, WhiteGarantie: 12||213.3|100|http://presta.redlinemultimedia.ro/24424-cart_default/husa-de-protectie-apple-pentru-iphone-7-silicon-white-mmwf2zm-a.jpg|1309|RON|new|1
Husa de protectie Apple pentru iPhone 5/5S/SE, Piele, Black|MMHH2ZM/A|APPLE|None|Husa Apple pentru iPhone SE, piele, negruGarantie: 12||188.5|100|http://presta.redlinemultimedia.ro/24426-cart_default/husa-de-protectie-apple-pentru-iphone-5-5s-se-piele-black-mmhh2zm-a.jpg|1344|RON|new|1
Husa de protectie Apple pentru iPhone 6s Plus, Silicon, Yellow|MM6H2ZM/A|APPLE|None|Husa Silicon iPhone 6 Plus/6S Plus, YellowGarantie: 12||188.5|100|http://presta.redlinemultimedia.ro/24428-cart_default/husa-de-protectie-apple-pentru-iphone-6s-plus-silicon-yellow-mm6h2zm-a.jpg|1364|RON|new|1
Capac protectie spate Apple Leather Case Premium Midnight Blue pentru iPhone 6s, MKXU2ZM/A|MKXU2ZM/A|APPLE|None|Husa Piele Iphone 6/6S, Midnight BlueGarantie: 12||303.5|100|http://presta.redlinemultimedia.ro/24431-cart_default/capac-protectie-spate-apple-leather-case-premium-midnight-blue-pentru-iphone-6s-mkxu2zm-a-mkxu2zm-a.jpg|1343|RON|new|1
Husa de protectie Apple pentru iPhone 7 Plus, Piele, Titan|MMYL2ZM/A|APPLE|None|Husa Piele iPhone 7 Plus, TanGarantie: 12||296.33|100|http://presta.redlinemultimedia.ro/24709-cart_default/husa-de-protectie-apple-pentru-iphone-7-plus-piele-titan-mmyl2zm-a.jpg|1391|RON|new|1
Husa de protectie Apple pentru iPhone 7 Plus, Piele, Red|MMYK2ZM/A|APPLE|None|Husa Piele iPhone 7 Plus, RedGarantie: 12||324.97|100|http://presta.redlinemultimedia.ro/24712-cart_default/husa-de-protectie-apple-pentru-iphone-7-plus-piele-red-mmyk2zm-a.jpg|1393|RON|new|1
Husa de protectie Apple pentru iPhone 7 Plus, Piele, Black|MMYJ2ZM/A|APPLE|None|Husa Piele iPhone 7 Plus, BlackGarantie: 12||324.97|100|http://presta.redlinemultimedia.ro/24715-cart_default/husa-de-protectie-apple-pentru-iphone-7-plus-piele-black-mmyj2zm-a.jpg|1396|RON|new|1
Husa de protectie Apple pentru iPhone 7 Plus, Piele, Midnight Blue|MMYG2ZM/A|APPLE|None|Husa Piele iPhone 7 Plus, Midnight BlueGarantie: 12||324.97|100|http://presta.redlinemultimedia.ro/24718-cart_default/husa-de-protectie-apple-pentru-iphone-7-plus-piele-midnight-blue-mmyg2zm-a.jpg|1400|RON|new|1
Husa de protectie Apple pentru iPhone 7 Plus, Piele, Storm Gray|MMYE2ZM/A|APPLE|None|Husa Piele iPhone 7 Plus, Storm GrayGarantie: 12||296.33|100|http://presta.redlinemultimedia.ro/24721-cart_default/husa-de-protectie-apple-pentru-iphone-7-plus-piele-storm-gray-mmye2zm-a.jpg|1404|RON|new|1
Husa de protectie Apple pentru iPhone 7, Piele, Tan|MMY72ZM/A|APPLE|None|Husa Piele iPhone 7, TanGarantie: 12||274.87|100|http://presta.redlinemultimedia.ro/24724-cart_default/husa-de-protectie-apple-pentru-iphone-7-piele-tan-mmy72zm-a.jpg|1406|RON|new|1
Husa de protectie Apple pentru iPhone 7, Piele, Red|MMY62ZM/A|APPLE|None|Husa Piele iPhone 7, RedGarantie: 12||303.5|100|http://presta.redlinemultimedia.ro/24727-cart_default/husa-de-protectie-apple-pentru-iphone-7-piele-red-mmy62zm-a.jpg|1407|RON|new|1
Husa de protectie Apple pentru iPhone 7, Piele, Sea Blue|MMY52ZM/A|APPLE|None|Husa Piele iPhone 7, BlackGarantie: 12||303.5|100|http://presta.redlinemultimedia.ro/24729-cart_default/husa-de-protectie-apple-pentru-iphone-7-piele-sea-blue-mmy52zm-a.jpg|1408|RON|new|1
Husa de protectie Apple pentru iPhone 7, Piele, Storm Gray|MMY12ZM/A|APPLE|None|Husa Piele iPhone 7, Storm GrayGarantie: 12||274.87|100|http://presta.redlinemultimedia.ro/24732-cart_default/husa-de-protectie-apple-pentru-iphone-7-piele-storm-gray-mmy12zm-a.jpg|1284|RON|new|1
Husa de protectie Apple pentru iPhone 7, Silicon, Sea Blue|MMX02ZM/A|APPLE|None|Husa Silicon iPhone 7, Sea BlueGarantie: 12||198.99|100|http://presta.redlinemultimedia.ro/24735-cart_default/husa-de-protectie-apple-pentru-iphone-7-silicon-sea-blue-mmx02zm-a.jpg|1297|RON|new|1
Husa de protectie Apple pentru iPhone 7, Silicon, Ocean Blue|MMWW2ZM/A|APPLE|None|Husa Silicon iPhone 7, Ocean BlueGarantie: 12||198.99|100|http://presta.redlinemultimedia.ro/24738-cart_default/husa-de-protectie-apple-pentru-iphone-7-silicon-ocean-blue-mmww2zm-a.jpg|1300|RON|new|1
Husa de protectie Apple pentru iPhone 7, Silicon, Stone|MMWR2ZM/A|APPLE|None|Husa Silicon iPhone 7, StoneGarantie: 12||165.83|100|http://presta.redlinemultimedia.ro/24741-cart_default/husa-de-protectie-apple-pentru-iphone-7-silicon-stone-mmwr2zm-a.jpg|1302|RON|new|1
Husa de protectie Apple pentru iPhone 7, Silicon, Red|MMWN2ZM/A|APPLE|None|Husa Silicon iPhone 7, RedGarantie: 12||213.3|100|http://presta.redlinemultimedia.ro/24744-cart_default/husa-de-protectie-apple-pentru-iphone-7-silicon-red-mmwn2zm-a.jpg|1304|RON|new|1
Husa de protectie Apple pentru iPhone 7, Silicon, Black|MMW82ZM/A|APPLE|None|Husa Silicon iPhone 7, BlackGarantie: 12||213.3|100|http://presta.redlinemultimedia.ro/24747-cart_default/husa-de-protectie-apple-pentru-iphone-7-silicon-black-mmw82zm-a.jpg|1312|RON|new|1
Casti Apple Earpods compatibil cu toate echipamentele cu port Lightning, suport IOS 10, culoare alb|MMTN2ZM/A|APPLE|None|Casti Apple Earpods compatibil cu toate echipamentele cu port Lightning, suport IOS 10, culoare albGarantie: 12||174.92|100|http://presta.redlinemultimedia.ro/24750-cart_default/casti-apple-earpods-compatibil-cu-toate-echipamentele-cu-port-lightning-suport-ios-10-culoare-alb-mmtn2zm-a.jpg|1315|RON|new|1
Husa de protectie Apple pentru iPhone 7 Plus, Silicon, Stone|MMQW2ZM/A|APPLE|None|Husa Silicon iPhone 7 Plus, StoneGarantie: 12||226.2|100|http://presta.redlinemultimedia.ro/24752-cart_default/husa-de-protectie-apple-pentru-iphone-7-plus-silicon-stone-mmqw2zm-a.jpg|1328|RON|new|1
Husa de protectie Apple pentru iPhone 7 Plus, Silicon, Red|MMQV2ZM/A|APPLE|None|Husa Silicon iPhone 7 Plus, RedGarantie: 12||244.81|100|http://presta.redlinemultimedia.ro/24755-cart_default/husa-de-protectie-apple-pentru-iphone-7-plus-silicon-red-mmqv2zm-a.jpg|1331|RON|new|1
Husa de protectie Apple pentru iPhone 7 Plus, Silicon, Midnight Blue|MMQU2ZM/A|APPLE|None|Husa Silicon iPhone 7 Plus, Midnight BlueGarantie: 12||244.81|100|http://presta.redlinemultimedia.ro/24758-cart_default/husa-de-protectie-apple-pentru-iphone-7-plus-silicon-midnight-blue-mmqu2zm-a.jpg|1334|RON|new|1
Husa de protectie Apple pentru iPhone 7 Plus, Silicon, White|MMQT2ZM/A|APPLE|None|Husa Silicon iPhone 7 Plus, WhiteGarantie: 12||244.81|100|http://presta.redlinemultimedia.ro/24761-cart_default/husa-de-protectie-apple-pentru-iphone-7-plus-silicon-white-mmqt2zm-a.jpg|1336|RON|new|1
Husa de protectie Apple pentru iPhone 7 Plus, Silicon, Black|MMQR2ZM/A|APPLE|None|Husa Silicon iPhone 7 Plus, BlackGarantie: 12||244.81|100|http://presta.redlinemultimedia.ro/24764-cart_default/husa-de-protectie-apple-pentru-iphone-7-plus-silicon-black-mmqr2zm-a.jpg|1340|RON|new|1
Smartwatch Apple Watch 38mm, Carcasa Stainless Steel Space Black, curea Black Sport Band|MLCK2VR/A|APPLE|None|Smartwatch Apple Watch 38mm, Carcasa Stainless Steel Space Black, curea Black Sport BandGarantie: 12||3123.69|100|http://presta.redlinemultimedia.ro/24772-cart_default/smartwatch-apple-watch-38mm-carcasa-stainless-steel-space-black-curea-black-sport-band-mlck2vr-a.jpg|1294|RON|new|1
Husa de protectie Apple pentru iPhone 6s Plus, Piele, Red|MKXG2ZM/A|APPLE|None|Husa Piele iPhone 6 Plus/6S Plus, RedGarantie: 12||324.97|100|http://presta.redlinemultimedia.ro/24782-cart_default/husa-de-protectie-apple-pentru-iphone-6s-plus-piele-red-mkxg2zm-a.jpg|1362|RON|new|1
Cablu Apple Thunderbolt , 0.5m, Negru|MF640ZM/A|APPLE|None|Cablu Apple Thunderbolt 0.5m, negruGarantie: 12||183.36|100|http://presta.redlinemultimedia.ro/24807-cart_default/cablu-apple-thunderbolt-05m-negru-mf640zm-a.jpg|1351|RON|new|1
Husa de protectie cu baterie Apple pentru iPhone 7, White|MN012ZM/A|APPLE|None|Husa Apple Smart Battery Case pentru iPhone 7, Talk Time pana la 26h, Browsing pana 18h, Silicon, negruGarantie: 12||642.77|100|http://presta.redlinemultimedia.ro/24963-cart_default/husa-de-protectie-cu-baterie-apple-pentru-iphone-7-white-mn012zm-a.jpg|1383|RON|new|1
Telefon Mobil Apple iPhone 7 Plus 32GB Silver mnqn2rm/a|MNQN2RM/A|APPLE|None|||4839.91|100|http://presta.redlinemultimedia.ro/25015-cart_default/telefon-mobil-apple-iphone-7-plus-32gb-silver-mnqn2rm-a-mnqn2rm-a.jpg|1264|RON|new|1
Telefon mobil Apple iPhone 7 Plus, 32GB, Rose Gold|MNQQ2RM/A|APPLE|None|||4839.91|100|http://presta.redlinemultimedia.ro/25017-cart_default/telefon-mobil-apple-iphone-7-plus-32gb-rose-gold-mnqq2rm-a.jpg|1262|RON|new|1
Telefon mobil Apple iPhone 7 Plus, 32GB, Gold|MNQP2RM/A|APPLE|None|||4839.91|100|http://presta.redlinemultimedia.ro/25019-cart_default/telefon-mobil-apple-iphone-7-plus-32gb-gold-mnqp2rm-a.jpg|1263|RON|new|1
Telefon mobil Apple iPhone 7 Plus, 32GB, Black|MNQM2RM/A|APPLE|None|||4839.91|100|http://presta.redlinemultimedia.ro/25021-cart_default/telefon-mobil-apple-iphone-7-plus-32gb-black-mnqm2rm-a.jpg|1265|RON|new|1
Telefon mobil Apple iPhone 7 Plus, 256GB, Silver|MN4X2RM/A|APPLE|None|||6042.43|100|http://presta.redlinemultimedia.ro/25023-cart_default/telefon-mobil-apple-iphone-7-plus-256gb-silver-mn4x2rm-a.jpg|1345|RON|new|1
Telefon mobil Apple iPhone 7 Plus, 256GB, Rose Gold|MN502RM/A|APPLE|None|||6042.43|100|http://presta.redlinemultimedia.ro/25026-cart_default/telefon-mobil-apple-iphone-7-plus-256gb-rose-gold-mn502rm-a.jpg|1337|RON|new|1
Telefon mobil Apple iPhone 7 Plus, 256GB, Jet Black|MN512RM/A|APPLE|None|||6042.43|100|http://presta.redlinemultimedia.ro/25029-cart_default/telefon-mobil-apple-iphone-7-plus-256gb-jet-black-mn512rm-a.jpg|1332|RON|new|1
Telefon mobil Apple iPhone 7 Plus, 256GB, Gold|MN4Y2RM/A|APPLE|None|||6042.43|100|http://presta.redlinemultimedia.ro/25032-cart_default/telefon-mobil-apple-iphone-7-plus-256gb-gold-mn4y2rm-a.jpg|1341|RON|new|1
Telefon mobil Apple iPhone 7 Plus, 256GB, Black|MN4W2RM/A|APPLE|None|||6042.43|100|http://presta.redlinemultimedia.ro/25035-cart_default/telefon-mobil-apple-iphone-7-plus-256gb-black-mn4w2rm-a.jpg|1349|RON|new|1
Telefon mobil Apple iPhone 7 Plus, 128GB, Silver|MN4P2RM/A|APPLE|None|||5441.17|100|http://presta.redlinemultimedia.ro/25038-cart_default/telefon-mobil-apple-iphone-7-plus-128gb-silver-mn4p2rm-a.jpg|1363|RON|new|1
Telefon mobil Apple iPhone 7 Plus, 128GB, Rose Gold|MN4U2RM/A|APPLE|None|||5441.17|100|http://presta.redlinemultimedia.ro/25041-cart_default/telefon-mobil-apple-iphone-7-plus-128gb-rose-gold-mn4u2rm-a.jpg|1356|RON|new|1
Telefon mobil Apple iPhone 7 Plus, 128GB, Jet Black|MN4V2RM/A|APPLE|None|||5441.17|100|http://presta.redlinemultimedia.ro/25044-cart_default/telefon-mobil-apple-iphone-7-plus-128gb-jet-black-mn4v2rm-a.jpg|1352|RON|new|1
Telefon mobil Apple iPhone 7 Plus, 128GB, Gold|MN4Q2RM/A|APPLE|None|||5441.17|100|http://presta.redlinemultimedia.ro/25047-cart_default/telefon-mobil-apple-iphone-7-plus-128gb-gold-mn4q2rm-a.jpg|1359|RON|new|1
Telefon mobil Apple iPhone 7 Plus, 128GB, Black|MN4M2RM/A|APPLE|None|||5441.17|100|http://presta.redlinemultimedia.ro/25050-cart_default/telefon-mobil-apple-iphone-7-plus-128gb-black-mn4m2rm-a.jpg|1368|RON|new|1
Telefon mobil Apple iPhone 7, 32GB, Rose Gold|MN912RM/A|APPLE|None|||4081.18|100|http://presta.redlinemultimedia.ro/25054-cart_default/telefon-mobil-apple-iphone-7-32gb-rose-gold-mn912rm-a.jpg|1314|RON|new|1
Telefon mobil Apple iPhone 7, 32GB, Gold|MN902RM/A|APPLE|None|||4081.18|100|http://presta.redlinemultimedia.ro/25058-cart_default/telefon-mobil-apple-iphone-7-32gb-gold-mn902rm-a.jpg|1319|RON|new|1
Telefon mobil Apple iPhone 7, 32GB, Black|MN8X2RM/A|APPLE|None|||4081.18|100|http://presta.redlinemultimedia.ro/25061-cart_default/telefon-mobil-apple-iphone-7-32gb-black-mn8x2rm-a.jpg|1326|RON|new|1
Telefon mobil Apple iPhone 7, 256GB, Silver|MN982RM/A|APPLE|None|||5298.01|100|http://presta.redlinemultimedia.ro/25064-cart_default/telefon-mobil-apple-iphone-7-256gb-silver-mn982rm-a.jpg|1286|RON|new|1
Telefon mobil Apple iPhone 7, 256GB, Rose Gold|MN9A2RM/A|APPLE|None|||5298.01|100|http://presta.redlinemultimedia.ro/25067-cart_default/telefon-mobil-apple-iphone-7-256gb-rose-gold-mn9a2rm-a.jpg|1277|RON|new|1
Telefon mobil Apple iPhone 7, 256GB, Jet Black|MN9C2RM/A|APPLE|None|||5298.01|100|http://presta.redlinemultimedia.ro/25070-cart_default/telefon-mobil-apple-iphone-7-256gb-jet-black-mn9c2rm-a.jpg|1273|RON|new|1
Telefon mobil Apple iPhone 7, 256GB, Gold|MN992RM/A|APPLE|None|||5298.01|100|http://presta.redlinemultimedia.ro/25073-cart_default/telefon-mobil-apple-iphone-7-256gb-gold-mn992rm-a.jpg|1282|RON|new|1
Telefon mobil Apple iPhone 7, 256GB, Black|MN972RM/A|APPLE|None|||5298.01|100|http://presta.redlinemultimedia.ro/25075-cart_default/telefon-mobil-apple-iphone-7-256gb-black-mn972rm-a.jpg|1291|RON|new|1
Telefon mobil Apple iPhone 7, 128GB, Silver|MN932RM/A|APPLE|None|||4696.75|100|http://presta.redlinemultimedia.ro/25079-cart_default/telefon-mobil-apple-iphone-7-128gb-silver-mn932rm-a.jpg|1306|RON|new|1
Telefon mobil Apple iPhone 7, 128GB, Rose Gold|MN952RM/A|APPLE|None|||4696.75|100|http://presta.redlinemultimedia.ro/25082-cart_default/telefon-mobil-apple-iphone-7-128gb-rose-gold-mn952rm-a.jpg|1299|RON|new|1
Telefon mobil Apple iPhone 7, 128GB, Jet Black|MN962RM/A|APPLE|None|||4696.75|100|http://presta.redlinemultimedia.ro/25086-cart_default/telefon-mobil-apple-iphone-7-128gb-jet-black-mn962rm-a.jpg|1295|RON|new|1
Telefon mobil Apple iPhone 7, 128GB, Gold|MN942RM/A|APPLE|None|||4696.75|100|http://presta.redlinemultimedia.ro/25090-cart_default/telefon-mobil-apple-iphone-7-128gb-gold-mn942rm-a.jpg|1303|RON|new|1
Telefon mobil Apple iPhone 7, 128GB, Black|MN922RM/A|APPLE|None|||4696.75|100|http://presta.redlinemultimedia.ro/25094-cart_default/telefon-mobil-apple-iphone-7-128gb-black-mn922rm-a.jpg|1311|RON|new|1
Husa de protectie Apple pentru iPhone 6s Plus, Piele, Blue|MKXD2ZM/A|APPLE|None|Husa Piele iPhone 6 Plus/6S Plus, Midnight BlueGarantie: 12||324.97|100|http://presta.redlinemultimedia.ro/25097-cart_default/husa-de-protectie-apple-pentru-iphone-6s-plus-piele-blue-mkxd2zm-a.jpg|1369|RON|new|1
Husa de protectie Apple pentru iPhone 6s, Piele, Red|MKXX2ZM/A|APPLE|None|Husa Piele Iphone 6/6S Plus, RedGarantie: 12||303.5|100|http://presta.redlinemultimedia.ro/25100-cart_default/husa-de-protectie-apple-pentru-iphone-6s-piele-red-mkxx2zm-a.jpg|1338|RON|new|1
Telefon mobil Apple iPhone 6s, 32GB, Space Grey|MN0W2RM/A|APPLE|None|||2864.14|100|http://presta.redlinemultimedia.ro/25103-cart_default/telefon-mobil-apple-iphone-6s-32gb-space-grey-mn0w2rm-a.jpg|1381|RON|new|1
Telefon mobil Apple iPhone 6s, 32GB, Silver|MN0X2RM/A|APPLE|None|||2864.14|100|http://presta.redlinemultimedia.ro/25107-cart_default/telefon-mobil-apple-iphone-6s-32gb-silver-mn0x2rm-a.jpg|1378|RON|new|1
Telefon mobil Apple iPhone 6s, 32GB, Rose Gold|MN122RM/A|APPLE|None|||2864.14|100|http://presta.redlinemultimedia.ro/25110-cart_default/telefon-mobil-apple-iphone-6s-32gb-rose-gold-mn122rm-a.jpg|1372|RON|new|1
Capac protectie spate Apple Silicone Case Lavender pentru iPhone 6s Plus, MLD02ZM/A|MLD02ZM/A|APPLE|None|Husa Silicon iPhone 6 Plus/6S Plus, LavenderGarantie: 12||188.5|100|http://presta.redlinemultimedia.ro/25113-cart_default/capac-protectie-spate-apple-silicone-case-lavender-pentru-iphone-6s-plus-mld02zm-a-mld02zm-a.jpg|1288|RON|new|1
Husa de protectie Apple pentru iPhone 6s Plus, Silicon, Midnight Blue|MKXL2ZM/A|APPLE|None|Husa Silicon Iphone 6 Plus/6S Plus, Midnight BlueGarantie: 12||188.5|100|http://presta.redlinemultimedia.ro/25116-cart_default/husa-de-protectie-apple-pentru-iphone-6s-plus-silicon-midnight-blue-mkxl2zm-a.jpg|1355|RON|new|1
Husa de protectie Apple pentru iPhone 6s, Silicon, Charcoal Gray|MKY02ZM/A|APPLE|None|Husa Silicon Iphone 6/6S, Charcoal GreyGarantie: 12||165.83|100|http://presta.redlinemultimedia.ro/25119-cart_default/husa-de-protectie-apple-pentru-iphone-6s-silicon-charcoal-gray-mky02zm-a.jpg|1335|RON|new|1
Apple iPad mini 4, 32GB, Wi-Fi, Silver|MNY22HC/A|APPLE|None|||1850.31|100|http://presta.redlinemultimedia.ro/25132-cart_default/apple-ipad-mini-4-32gb-wi-fi-silver-mny22hc-a.jpg|1370|RON|new|1
Cablu de date/incarcare Serioux, port Lightning, compatibil Apple, MFI, 1m, roz|SRXA-MFI1MPNK|SERIOUX|None|Cablu de date/incarcare Serioux, port Lightning, compatibil Apple, MFI, 1m, culoare roz||31.2|100|http://presta.redlinemultimedia.ro/25364-cart_default/cablu-de-date-incarcare-serioux-port-lightning-compatibil-apple-mfi-1m-roz-srxa-mfi1mpnk.jpg|402|RON|new|1
Apple iPad Air 2, 32GB, Wi-Fi, Silver|MNV62HC/A|APPLE|None|||1850.31|100|http://presta.redlinemultimedia.ro/25429-cart_default/apple-ipad-air-2-32gb-wi-fi-silver-mnv62hc-a.jpg|1405|RON|new|1
Apple iPad Air 2, 32GB, Cellular, 4G, Gold|MNVR2HC/A|APPLE|None|||2354.52|100|http://presta.redlinemultimedia.ro/25538-cart_default/apple-ipad-air-2-32gb-cellular-4g-gold-mnvr2hc-a.jpg|1390|RON|new|1
Apple iPad mini 4, 32GB, Cellular, 4G, Silver|MNWF2HC/A|APPLE|None|||2354.52|100|http://presta.redlinemultimedia.ro/25568-cart_default/apple-ipad-mini-4-32gb-cellular-4g-silver-mnwf2hc-a.jpg|1380|RON|new|1
Telecomanda Apple TV 2015|MG2Q2ZM/A|APPLE|None|Telecomanda APPLE TV Gen 4 , Conectivitate Bluetooth 4.0, IR, accelerometru, giroscop, conector lightning pentru incarcare, 47g, 124 x38x6.3 (WxHxD)Garantie: 12||365.53|100|http://presta.redlinemultimedia.ro/25635-cart_default/telecomanda-apple-tv-2015-mg2q2zm-a.jpg|1329|RON|new|1
Husa de protectie Apple pentru iPhone 7, Silicon, Pink Sand|MMX12ZM/A|APPLE|None|Husa Silicon iPhone 7, Pink SandGarantie: 12||213.3|100|http://presta.redlinemultimedia.ro/25653-cart_default/husa-de-protectie-apple-pentru-iphone-7-silicon-pink-sand-mmx12zm-a.jpg|1293|RON|new|1
Husa de protectie cu baterie Apple pentru iPhone 7, Black|MN002ZM/A|APPLE|None|Husa Apple Smart Battery Case pentru iPhone 7, Talk Time pana la 26h, Browsing pana 18h, Silicon, negruGarantie: 12||642.77|100|http://presta.redlinemultimedia.ro/25656-cart_default/husa-de-protectie-cu-baterie-apple-pentru-iphone-7-black-mn002zm-a.jpg|1387|RON|new|1
Husa de protectie Apple pentru iPhone 7 Plus, Silicon, Ocean Blue|MMQX2ZM/A|APPLE|None|Husa Silicon iPhone 7 Plus, Ocean BlueGarantie: 12||226.2|100|http://presta.redlinemultimedia.ro/25659-cart_default/husa-de-protectie-apple-pentru-iphone-7-plus-silicon-ocean-blue-mmqx2zm-a.jpg|1324|RON|new|1
Husa de protectie Apple pentru iPhone 7, Silicon, Cocoa|MMX22ZM/A|APPLE|None|Husa Silicon iPhone 7, CocoaGarantie: 12||198.99|100|http://presta.redlinemultimedia.ro/25662-cart_default/husa-de-protectie-apple-pentru-iphone-7-silicon-cocoa-mmx22zm-a.jpg|1289|RON|new|1
Husa de protectie Apple pentru iPhone 7, Piele, Midnight Blue|MMY32ZM/A|APPLE|None|Husa Piele iPhone 7, Midnight BlueGarantie: 12||303.5|100|http://presta.redlinemultimedia.ro/25665-cart_default/husa-de-protectie-apple-pentru-iphone-7-piele-midnight-blue-mmy32zm-a.jpg|1278|RON|new|1
Husa de protectie Apple pentru iPhone 7, Silicon, Midnight Blue|MMWK2ZM/A|APPLE|None|Husa Silicon iPhone 7, Midnight BlueGarantie: 12||213.3|100|http://presta.redlinemultimedia.ro/25761-cart_default/husa-de-protectie-apple-pentru-iphone-7-silicon-midnight-blue-mmwk2zm-a.jpg|1307|RON|new|1
Husa de protectie Apple pentru iPhone 7 Plus, Silicon, Sea Blue|MMQY2ZM/A|APPLE|None|Husa Silicon iPhone 7 Plus, Sea BlueGarantie: 12||226.2|100|http://presta.redlinemultimedia.ro/25764-cart_default/husa-de-protectie-apple-pentru-iphone-7-plus-silicon-sea-blue-mmqy2zm-a.jpg|1322|RON|new|1
Apple iPad Air 2, 32GB, Cellular, 4G, Space Grey|MNVP2HC/A|APPLE|None|||2354.52|100|http://presta.redlinemultimedia.ro/25789-cart_default/apple-ipad-air-2-32gb-cellular-4g-space-grey-mnvp2hc-a.jpg|1397|RON|new|1
Adaptor Apple pentru Jack 3.5mm de la Lightning, MFI|MMX62ZM/A|APPLE|None|Adaptor Apple Lightning la Audio jack 3.5mmGarantie: 12||52.18|100|http://presta.redlinemultimedia.ro/25897-cart_default/adaptor-apple-pentru-jack-35mm-de-la-lightning-mfi-mmx62zm-a.jpg|1287|RON|new|1
Husa de protectie Apple pentru iPhone 6s, Silicon, Red|MKY32ZM/A|APPLE|None|Husa Silicon Iphone 6/6S, RedGarantie: 12||165.83|100|http://presta.redlinemultimedia.ro/25899-cart_default/husa-de-protectie-apple-pentru-iphone-6s-silicon-red-mky32zm-a.jpg|1327|RON|new|1
Husa de protectie Apple pentru iPhone 6s, Silicon, Lavender|MLCV2ZM/A|APPLE|None|Husa Silicon Iphone 6/6S, LavanderGarantie: 12||165.83|100|http://presta.redlinemultimedia.ro/25902-cart_default/husa-de-protectie-apple-pentru-iphone-6s-silicon-lavender-mlcv2zm-a.jpg|1292|RON|new|1
Husa de protectie Apple pentru iPhone 6s Plus, Piele, Brown|MKX92ZM/A|APPLE|None|Husa Piele iPhone 6 Plus/6S Plus, BrownGarantie: 12||246.95|100|http://presta.redlinemultimedia.ro/25905-cart_default/husa-de-protectie-apple-pentru-iphone-6s-plus-piele-brown-mkx92zm-a.jpg|1374|RON|new|1
Husa de protectie Apple pentru iPhone 6s, Silicon, Mid Blue|MKY22ZM/A|APPLE|None|Husa Silicon Iphone 6/6S, Midnight BlueGarantie: 12||165.83|100|http://presta.redlinemultimedia.ro/25907-cart_default/husa-de-protectie-apple-pentru-iphone-6s-silicon-mid-blue-mky22zm-a.jpg|1330|RON|new|1
Apple iPad Air 2, 32GB, Cellular, 4G, Silver|MNVQ2HC/A|APPLE|None|||2354.52|100|http://presta.redlinemultimedia.ro/25910-cart_default/apple-ipad-air-2-32gb-cellular-4g-silver-mnvq2hc-a.jpg|1394|RON|new|1
Husa de protectie Apple pentru iPhone 6s, Silicon, Stone|MKY42ZM/A|APPLE|None|Husa Silicon Iphone 6/6S, StoneGarantie: 12||165.83|100|http://presta.redlinemultimedia.ro/25911-cart_default/husa-de-protectie-apple-pentru-iphone-6s-silicon-stone-mky42zm-a.jpg|1325|RON|new|1
Husa de protectie Apple pentru iPhone 6s Plus, Silicon, Red|MKXM2ZM/A|APPLE|None|Husa Silicon Iphone 6 Plus/6S Plus, RedGarantie: 12||188.5|100|http://presta.redlinemultimedia.ro/25914-cart_default/husa-de-protectie-apple-pentru-iphone-6s-plus-silicon-red-mkxm2zm-a.jpg|1353|RON|new|1
Husa de protectie Apple pentru iPhone 6s Plus, Silicon, Charcoal Gray|MKXJ2ZM/A|APPLE|None|Husa Silicon Iphone 6 Plus/6S Plus, Charcoal GreyGarantie: 12||188.5|100|http://presta.redlinemultimedia.ro/25917-cart_default/husa-de-protectie-apple-pentru-iphone-6s-plus-silicon-charcoal-gray-mkxj2zm-a.jpg|1360|RON|new|1
Cablu Apple Thunderbolt , 2m, Black|MF639ZM/A|APPLE|None|Cablu Apple Thunderbolt 1m, negruGarantie: 12||239.77|100|http://presta.redlinemultimedia.ro/25923-cart_default/cablu-apple-thunderbolt-2m-black-mf639zm-a.jpg|1354|RON|new|1
Apple iPad Air 2, 32GB, Wi-Fi, Gold|MNV72HC/A|APPLE|None|||1850.31|100|http://presta.redlinemultimedia.ro/26005-cart_default/apple-ipad-air-2-32gb-wi-fi-gold-mnv72hc-a.jpg|1401|RON|new|1
Smartwatch Apple Watch Series 2 38mm, Carcasa Aluminium Space Grey, curea Black Sport Band|MP0D2CN/A|APPLE|None|Smartwatch Apple Watch Series 2 38mm, Carcasa Aluminium Space Grey, curea Black Sport BandGarantie: 12||2419.37|100|http://presta.redlinemultimedia.ro/26034-cart_default/smartwatch-apple-watch-series-2-38mm-carcasa-aluminium-space-grey-curea-black-sport-band-mp0d2cn-a.jpg|1321|RON|new|1
Apple iPad mini 4, 32GB, Wi-Fi, Gold|MNY32HC/A|APPLE|None|||1850.31|100|http://presta.redlinemultimedia.ro/26165-cart_default/apple-ipad-mini-4-32gb-wi-fi-gold-mny32hc-a.jpg|1365|RON|new|1
Husa de protectie Apple pentru iPhone 7 Plus, Piele, Saddle Brown|MMYF2ZM/A|APPLE|None|Husa Piele iPhone 7 Plus, Saddle BrownGarantie: 12||324.97|100|http://presta.redlinemultimedia.ro/26189-cart_default/husa-de-protectie-apple-pentru-iphone-7-plus-piele-saddle-brown-mmyf2zm-a.jpg|1403|RON|new|1
Husa de protectie Apple pentru iPhone 7 Plus, Silicon, Pink Sand|MMT02ZM/A|APPLE|None|Husa Silicon iPhone 7 Plus, Pink SandGarantie: 12||244.81|100|http://presta.redlinemultimedia.ro/26317-cart_default/husa-de-protectie-apple-pentru-iphone-7-plus-silicon-pink-sand-mmt02zm-a.jpg|1320|RON|new|1
Accesoriu Securitate Apple Remote 2015, conectare lightning|MLFQ2ZM/A|APPLE|None|Accesoriu Securitate Apple Remote 2015, conectare lightningGarantie: 12||67|100|http://presta.redlinemultimedia.ro/26322-cart_default/accesoriu-securitate-apple-remote-2015-conectare-lightning-mlfq2zm-a.jpg|1283|RON|new|1
Smartwatch Apple Watch 38mm, Carcasa Stainless Steel, curea Pearl Woven Nylon|MMFH2VR/A|APPLE|None|Smartwatch Apple Watch 38mm, Carcasa Stainless Steel, curea Pearl Woven NylonGarantie: 12||3123.69|100|http://presta.redlinemultimedia.ro/26338-cart_default/smartwatch-apple-watch-38mm-carcasa-stainless-steel-curea-pearl-woven-nylon-mmfh2vr-a.jpg|1361|RON|new|1
Smartwatch Apple Watch 42mm, Carcasa Stainless Steel Space Black, curea Black Sport Band|MLC82VR/A|APPLE|None|Smartwatch Apple Watch 42mm, Carcasa Stainless Steel Space Black, curea Black Sport BandGarantie: 12||3387.1|100|http://presta.redlinemultimedia.ro/26341-cart_default/smartwatch-apple-watch-42mm-carcasa-stainless-steel-space-black-curea-black-sport-band-mlc82vr-a.jpg|1298|RON|new|1
Smartwatch Apple Watch 42mm, Carcasa Stainless Steel, curea Pearl Black Oven|MMG02VR/A|APPLE|None|Smartwatch Apple Watch 42mm, Carcasa Stainless Steel, curea Pearl Woven NylonGarantie: 12||3387.1|100|http://presta.redlinemultimedia.ro/26348-cart_default/smartwatch-apple-watch-42mm-carcasa-stainless-steel-curea-pearl-black-oven-mmg02vr-a.jpg|1358|RON|new|1
Husa de protectie Apple pentru iPhone 6s Plus, Silicon, Light Pink|MM6D2ZM/A|APPLE|None|Husa Silicon iPhone 6 Plus/6S Plus, Light PinkGarantie: 12||188.5|100|http://presta.redlinemultimedia.ro/26395-cart_default/husa-de-protectie-apple-pentru-iphone-6s-plus-silicon-light-pink-mm6d2zm-a.jpg|1367|RON|new|1
Apple iPad mini 4, 32GB, Wi-Fi, Space Grey|MNY12HC/A|APPLE|None|||1850.31|100|http://presta.redlinemultimedia.ro/26465-cart_default/apple-ipad-mini-4-32gb-wi-fi-space-grey-mny12hc-a.jpg|1375|RON|new|1
Telefon mobil Apple iPhone 6s, 32GB, Gold|MN112RM/A|APPLE|None|||2864.14|100|http://presta.redlinemultimedia.ro/26466-cart_default/telefon-mobil-apple-iphone-6s-32gb-gold-mn112rm-a.jpg|1376|RON|new|1
Husa de protectie Apple pentru iPhone 6 si 6s Plus, Silicon, Lilac|MM682ZM/A|APPLE|None|Husa Silicon Iphone 6/6S, LilacGarantie: 12||165.83|100|http://presta.redlinemultimedia.ro/26556-cart_default/husa-de-protectie-apple-pentru-iphone-6-si-6s-plus-silicon-lilac-mm682zm-a.jpg|1371|RON|new|1
Memorie Notebook Corsair 8GB, DDR3, 1600MHz, CL11, 1.35v - compatibil Apple CMSA8GX3M1A1600C11|CMSA8GX3M1A1600C11|CORSAIR|None|Corsair Mac Memory DDR3L, 1600MHz 8GB 1x204 SODIMM 1.35V, Apple Qualified, Unbuffered, CMSA8GX3M1A1600C11 Garantie: 999||343.8|100|http://presta.redlinemultimedia.ro/26687-cart_default/memorie-notebook-corsair-8gb-ddr3-1600mhz-cl11-135v-compatibil-apple-cmsa8gx3m1a1600c11-cmsa8gx3m1a1600c11.jpg|851|RON|new|1
Husa de protectie Apple pentru iPhone 7 Plus, Silicon, Cocoa|MMT12ZM/A|APPLE|None|Husa Silicon iPhone 7 Plus, CocoaGarantie: 12||226.2|100|http://presta.redlinemultimedia.ro/26769-cart_default/husa-de-protectie-apple-pentru-iphone-7-plus-silicon-cocoa-mmt12zm-a.jpg|1317|RON|new|1
Tableta Apple iPad Mini 4 Wi-Fi + Cellular 32GB Space Gray mnwe2hc/a|MNWE2HC/A|APPLE|None|||2354.52|100|http://presta.redlinemultimedia.ro/26812-cart_default/tableta-apple-ipad-mini-4-wi-fi-cellular-32gb-space-gray-mnwe2hc-a-mnwe2hc-a.jpg|1385|RON|new|1
Tableta Apple iPad Air 2, 32GB, Wi-Fi, Space Grey|MNV22HC/A|APPLE|None|||1850.31|100|http://presta.redlinemultimedia.ro/26887-cart_default/tableta-apple-ipad-air-2-32gb-wi-fi-space-grey-mnv22hc-a.jpg|1261|RON|new|1
Husa de protectie Apple pentru iPhone 6s Plus, Piele, Saddle Brown|MKXC2ZM/A|APPLE|None|Husa Piele iPhone 6 Plus/6S Plus, Saddle BrownGarantie: 12||324.97|100|http://presta.redlinemultimedia.ro/26889-cart_default/husa-de-protectie-apple-pentru-iphone-6s-plus-piele-saddle-brown-mkxc2zm-a.jpg|1373|RON|new|1
Tableta Apple iPad Mini 4 Wi-Fi + Cellular 32GB Gold mnwg2hc/a|MNWG2HC/A|APPLE|None|||2354.52|100|http://presta.redlinemultimedia.ro/27006-cart_default/tableta-apple-ipad-mini-4-wi-fi-cellular-32gb-gold-mnwg2hc-a-mnwg2hc-a.jpg|1377|RON|new|1
Cablu Alimentare Apple Mk122z/A|MK122Z/A|APPLE|None|Cablu de extensie pentru incarcatoarele de priza pentru MacBook, MacBook Air si MacBook ProGarantie: 12||125.52|100|http://presta.redlinemultimedia.ro/27018-cart_default/cablu-alimentare-apple-mk122z-a-mk122z-a.jpg|1267|RON|new|1
Husa de protectie Apple pentru SE, Piele,White,MMHG2ZM/A|MMHG2ZM/A|APPLE|None|Husa Apple pentru iPhone SE, piele, albGarantie: 12||188.5|100|http://presta.redlinemultimedia.ro/27063-cart_default/husa-de-protectie-apple-pentru-se-pielewhitemmhg2zm-a-mmhg2zm-a.jpg|1346|RON|new|1
Smartwatch Apple Watch Series 2 38mm, Carcasa Aluminium Gold, curea Concrete Sport band|MNP22CN/A|APPLE|None|Smartwatch Apple Watch Series 2 38mm, Carcasa Aluminium Gold, curea Concrete Sport bandGarantie: 12||2419.37|100|http://presta.redlinemultimedia.ro/27151-cart_default/smartwatch-apple-watch-series-2-38mm-carcasa-aluminium-gold-curea-concrete-sport-band-mnp22cn-a.jpg|1270|RON|new|1
Smartwatch Apple Watch Series 2 42mm, Carcasa Aluminium Silver, curea Pearl Woven Nylon|MNPK2CN/A|APPLE|None|Smartwatch Apple Watch Series 2 42mm, Carcasa Aluminium Silver, curea Pearl Woven NylonGarantie: 12||2578.25|100|http://presta.redlinemultimedia.ro/27153-cart_default/smartwatch-apple-watch-series-2-42mm-carcasa-aluminium-silver-curea-pearl-woven-nylon-mnpk2cn-a.jpg|1269|RON|new|1
Smartwatch Apple Watch Series 2 38mm, Carcasa Aluminium Space Black, curea Space Black Sport band|MP492CN/A|APPLE|None|Smartwatch Apple Watch Series 2 38mm, Carcasa Aluminium Space Black, curea Space Black Sport bandGarantie: 12||3659.1|100|http://presta.redlinemultimedia.ro/27155-cart_default/smartwatch-apple-watch-series-2-38mm-carcasa-aluminium-space-black-curea-space-black-sport-band-mp492cn-a.jpg|1318|RON|new|1
Adaptor Apple USB-C Power 29W|MJ262Z/A|APPLE|None|Adaptor Apple 29W, compatibil MacBook 2015, culoare alba, MJ262Z/AGarantie: 12||315.93|100|http://presta.redlinemultimedia.ro/27853-cart_default/adaptor-apple-usb-c-power-29w-mj262z-a.jpg|6581|RON|new|1
Tastatura Apple iPad Pro 9.7' Smart Keyboard, RO KB|MNKR2RO/A|APPLE|None|Tastatura Apple Smart KeyboardGarantie: 12||902.69|100|http://presta.redlinemultimedia.ro/28233-cart_default/laptop-apple-macbook-pro15retinatouchbarquadcore-i7-27ghz16gb-ram512gb-ssdradeon-pro455-2gbsierraspacegreyint-kb-mnkr2ro-a.jpg|1271|RON|new|1
CHARGER AUTO BELKIN+APPLE CABLE|F8Z571CW03|BELKIN|None|Incarcator auto Belkin, F8Z571CW03, pentru iPhone 4, iPhone 3GS, iPod touch 2G/3G, iPod nano 5G, iPod Classic, 30 pini, negruGarantie: 12||79.17|100|http://presta.redlinemultimedia.ro/7601-cart_default/charger-auto-belkin-apple-cable-f8z571cw03.jpg|7552|RON|new|1
CHARGER AUTO BELKIN APPLE LIGHT 2.1A BLK|F8J075BTBLK|BELKIN|None|Incarcator auto Belkin, F8J075BTBLK, pentru iPhone 5, iPad 4, iPad mini, 2.1A, negruGarantie: 12||118.79|100|http://presta.redlinemultimedia.ro/8086-cart_default/charger-auto-belkin-apple-light-21a-blk-f8j075btblk.jpg|7900|RON|new|1
